user1,user2,cosine_similarity
328,788,0.8286631453670114
408,898,0.8787801757968994
788,328,0.8286631453670114
898,408,0.8787801757968994
